Time and Date in Sri Lanka,Random Number#1,Random Number #2
"Feb 13, 2019",68389,542593
"Feb 14, 2019",86521,320446
"Feb 11, 2019",81143,807945
"Feb 12, 2019",32976,130432
"Feb 4, 2019",04584,602435
"Feb 27, 2019",77422,705885
"Feb 17, 2019",83107,355595
"Feb 12, 2019",15958,604740
"Feb 10, 2019",54300,477146
"Feb 14, 2019",05948,232179
"Feb 14, 2019",74003,653408
"Feb 6, 2019",55190,975405
"Feb 8, 2019",83382,011837
"Feb 7, 2019",08167,685075
"Feb 14, 2019",88668,399274
"Feb 14, 2019",74523,417670
"Feb 22, 2019",68165,232384
"Feb 10, 2019",95623,976533
"Feb 25, 2019",62218,338151
"Feb 5, 2019",65338,119465
"Feb 22, 2019",88275,291206
"Feb 2, 2019",74663,668399
"Feb 13, 2019",50796,961040
"Feb 27, 2019",66252,520687
"Feb 8, 2019",74662,148634
"Feb 13, 2019",67509,388479
"Feb 14, 2019",47547,042314
"Feb 15, 2019",92173,134943
"Feb 13, 2019",40193,630498
"Feb 7, 2019",46361,961519
"Feb 19, 2019",23544,457711
"Feb 27, 2019",61695,266111
"Feb 27, 2019",42893,571089
"Feb 26, 2019",96572,304576
"Feb 14, 2019",62754,536958
"Feb 11, 2019",52502,316041
"Feb 18, 2019",24317,498053
"Feb 4, 2019",71824,889181
"Feb 26, 2019",58362,425279
"Feb 10, 2019",45220,537113
"Feb 5, 2019",02713,455043
"Feb 11, 2019",53657,024216
"Feb 2, 2019",52362,407628
"Feb 2, 2019",71984,956255
"Feb 22, 2019",47098,198714
"Feb 7, 2019",21566,601808
"Feb 8, 2019",87500,532120
"Feb 26, 2019",62248,042550
"Feb 17, 2019",18584,621755
"Feb 25, 2019",24985,853572
"Feb 25, 2019",13611,902328
"Feb 18, 2019",97521,815723
"Feb 5, 2019",68114,163351
"Feb 8, 2019",20410,535288
"Feb 8, 2019",30406,979099
"Feb 17, 2019",73571,659738
"Feb 14, 2019",19285,932150
"Feb 19, 2019",93832,225017
"Feb 28, 2019",85342,512796
"Feb 28, 2019",48876,171368
"Feb 18, 2019",21707,945521
"Feb 4, 2019",75866,717003
"Feb 28, 2019",40094,563954
"Feb 8, 2019",27751,506334
"Feb 27, 2019",98929,845427
"Feb 25, 2019",83479,958906
"Feb 3, 2019",02181,899311
"Feb 24, 2019",37630,346385
"Feb 12, 2019",85101,028008
"Feb 26, 2019",24271,186549
"Feb 12, 2019",54553,460445
"Feb 6, 2019",49609,020857
"Feb 2, 2019",61931,085729
"Feb 4, 2019",62095,125420
"Feb 5, 2019",75197,583487
"Feb 17, 2019",62160,327940
"Feb 21, 2019",81231,210537
"Feb 4, 2019",16450,863175
"Feb 20, 2019",06220,425275
"Feb 21, 2019",27267,983247
"Feb 12, 2019",12899,610582
"Feb 1, 2019",91000,390059
"Feb 19, 2019",99039,311371
"Feb 1, 2019",82445,662417
"Feb 12, 2019",34936,890160
"Feb 28, 2019",38071,504324
"Feb 21, 2019",47557,703314
"Feb 27, 2019",46573,186483
"Feb 21, 2019",27597,071201
"Feb 10, 2019",54887,054566
"Feb 13, 2019",96333,846333
"Feb 15, 2019",81702,810153
"Feb 25, 2019",49024,040439
"Feb 27, 2019",90003,329636
"Feb 17, 2019",18266,237705
"Feb 24, 2019",98242,860142
"Feb 13, 2019",55732,885305
"Feb 8, 2019",83193,351025
"Feb 11, 2019",82999,709792
"Feb 16, 2019",08554,030877